virtual_analog_id,parent_smiles,chembl_id_metabolite,metabolite_smiles
1,CCC(C)C(N)C(=O)NC(C)B(O)O,CHEMBL1233584,CCC(C)C(N)C(=O)O
1,CCC(C)C(N)C(=O)NC(C)B(O)O,CHEMBL184572,CCC(C)C(N)C(=O)N1N=CCC1C#N
1,CCC(C)C(N)C(=O)NC(C)B(O)O,CHEMBL238014,CCC(C)C(N)C(=O)N1CCC2CC21
1,CCC(C)C(N)C(=O)NC(C)B(O)O,CHEMBL315163,CCC(C)C(N)C(=O)N1CSCCC1C#N
1,CCC(C)C(N)C(=O)NC(C)B(O)O,CHEMBL327187,CCC(C)C(N)C(=O)N1CCSC1C#N
1,CCC(C)C(N)C(=O)NC(C)B(O)O,CHEMBL328123,CCC(C)C(N)C(=O)N1COCC1C#N
1,CCC(C)C(N)C(=O)NC(C)B(O)O,CHEMBL329641,CCC(C)C(N)C(=O)N1CCCC1C#N
1,CCC(C)C(N)C(=O)NC(C)B(O)O,CHEMBL92706,CCC(C)C(N)C(=O)N1CCCC1(C)C#N
1,CCC(C)C(N)C(=O)NC(C)B(O)O,CHEMBL93208,CCC(C)C(N)C(=O)N1CSCC1C#N
1,CCC(C)C(N)C(=O)NC(C)B(O)O,CHEMBL93526,CCC(C)C(N)C(=O)N1CCCCC1C#N
1,CCC(C)C(N)C(=O)NC(C)B(O)O,CHEMBL98408,CCC(C)C(N)C(=O)N1CCSC1
2,CC(NC(=O)C(C)CCC(=O)O)B(O)O,CHEMBL78780,CC(CCC(=O)O)C(=O)N1CCCC1C(=O)O
3,CC(NC(=O)C(CCC(=O)O)C(=O)NO)B(O)O,CHEMBL432726,O=C(O)CCC(C(=O)O)C(=O)NO
4,CC(NC(=O)C(CCC(=O)O)C(=O)O)B(O)O,CHEMBL432726,O=C(O)CCC(C(=O)O)C(=O)NO
5,CC(NC(=O)C(CCC(=O)O)CC(=O)O)B(O)O,CHEMBL65860,O=C(O)CCC(CC(=O)O)C(=O)O
6,CC(NC(=O)C(O)CCC(=O)O)B(O)O,CHEMBL1615211,O=C(O)CCC(O)C(=O)O
6,CC(NC(=O)C(O)CCC(=O)O)B(O)O,CHEMBL447366,CC(NC(=O)C(N)CCC(=O)O)B(O)O
7,CCCC(N)C(=O)NC(C)B(O)O,CHEMBL1916081,CCCC(N)C(=O)O
8,CCCCC(N)C(=O)NC(C)B(O)O,CHEMBL190327,CCCCC(N)C(=O)NC(=O)C(C)N
8,CCCCC(N)C(=O)NC(C)B(O)O,CHEMBL194852,CCCCC(N)C(=O)N1CCCC1B(O)O
8,CCCCC(N)C(=O)NC(C)B(O)O,CHEMBL236310,CCCCC(N)C(=O)N1CCC2CC21
8,CCCCC(N)C(=O)NC(C)B(O)O,CHEMBL372841,CCCCCNC(=O)C(N)CCCC
9,CC(NC(=O)C(N)CCCCN)B(O)O,CHEMBL188696,NCCCCC(N)C(=O)NC(C=O)CC(=O)O
9,CC(NC(=O)C(N)CCCCN)B(O)O,CHEMBL191212,CC(NC(=O)C(N)CCCCN)C(N)=O
9,CC(NC(=O)C(N)CCCCN)B(O)O,CHEMBL194517,CCCCC(NC(=O)C(N)CCCCN)B(O)O
9,CC(NC(=O)C(N)CCCCN)B(O)O,CHEMBL208094,CC(C)C(NC(=O)C(N)CCCCN)C(=O)O
9,CC(NC(=O)C(N)CCCCN)B(O)O,CHEMBL209032,NCCCCC(N)C(=O)N1CCCC1C(=O)O
9,CC(NC(=O)C(N)CCCCN)B(O)O,CHEMBL8085,NCCCCC(N)C(=O)O
9,CC(NC(=O)C(N)CCCCN)B(O)O,CHEMBL91561,NCCCCC(N)C(=O)NCC(=O)O
9,CC(NC(=O)C(N)CCCCN)B(O)O,CHEMBL93178,CC(NC(=O)C(N)CCCCN)C(=O)O
10,CC(NC(=O)C(CCCS)CCC(=O)O)B(O)O,CHEMBL303352,O=C(O)CCC(CCCS)C(=O)O
11,CC(NC(=O)C(N)CCN)B(O)O,CHEMBL194496,CCCCCNC(=O)C(N)CCN
12,CC(NC(=O)C(N)CCS)B(O)O,CHEMBL469662,NC(CCS)C(=O)O
13,CC(NC(=O)CNC(=O)C(N)CCC(=O)O)B(O)O,CHEMBL421361,NC(CCC(=O)O)C(=O)NCC(=O)O
14,CC(NOC(=O)C(N)C(C)C)B(O)O,CHEMBL1232398,CC(C)C(N)C(=O)O
14,CC(NOC(=O)C(N)C(C)C)B(O)O,CHEMBL238013,CC(C)C(N)C(=O)N1CCC2CC21
14,CC(NOC(=O)C(N)C(C)C)B(O)O,CHEMBL365322,CC(NC(=O)C(N)C(C)C)B(O)O
15,CC(C)CC(NC(=O)C(C)C[Si](O)(O)C(CC1=CC=CC=C1)NC(=O)C1=CC=CC=C1)B(O)O,CHEMBL2097001,CC(C[Si](O)(O)C(CC1=CC=CC=C1)NC(=O)C1=CC=CC=C1)C(=O)N1CCCC1C(=O)O
16,CC(C)CC(NC(=O)C(C)N)B(O)O,CHEMBL2385818,CC(C)CC(NC(=O)C(C)N1C=CC2=NC=CC=C2C1=O)B(O)O
17,CC(C)CC(NC(=O)C(C)NC(=O)C(CC1=CC=CC=C1)NC(=O)C1=CC=CC=C1)B(O)O,CHEMBL214174,CC(NC(=O)C(CC1=CC=CC=C1)NC(=O)C1=CC=CC=C1)C(=O)O
18,CC(C)CC(NC(=O)C(C)OC1=CC(=O)OC2=C1C=CC=C2)B(O)O,CHEMBL2158356,CC1=C(Cl)C=CC=C1NC(=O)C(C)OC1=CC(=O)OC2=CC=CC=C12
18,CC(C)CC(NC(=O)C(C)OC1=CC(=O)OC2=C1C=CC=C2)B(O)O,CHEMBL2158357,CC(OC1=CC(=O)OC2=CC=CC=C12)C(=O)NCC1=CC=CC=C1
18,CC(C)CC(NC(=O)C(C)OC1=CC(=O)OC2=C1C=CC=C2)B(O)O,CHEMBL2158358,CC(OC1=CC(=O)OC2=CC=CC=C12)C(=O)NC1=CC=C(F)C=C1F
18,CC(C)CC(NC(=O)C(C)OC1=CC(=O)OC2=C1C=CC=C2)B(O)O,CHEMBL2158359,COC1=CC=C(NC(=O)C(C)OC2=CC(=O)OC3=CC=CC=C23)C=C1
18,CC(C)CC(NC(=O)C(C)OC1=CC(=O)OC2=C1C=CC=C2)B(O)O,CHEMBL2158360,CC(OC1=CC(=O)OC2=CC=CC=C12)C(=O)NC1=CC=C(C(F)(F)F)C=C1C#N
18,CC(C)CC(NC(=O)C(C)OC1=CC(=O)OC2=C1C=CC=C2)B(O)O,CHEMBL2158362,CC(OC1=CC(=O)OC2=CC=CC=C12)C(=O)N1CCOCC1
18,CC(C)CC(NC(=O)C(C)OC1=CC(=O)OC2=C1C=CC=C2)B(O)O,CHEMBL2158363,COC(=O)C(CC(C)C)NC(=O)C(C)OC1=CC(=O)OC2=CC=CC=C12
18,CC(C)CC(NC(=O)C(C)OC1=CC(=O)OC2=C1C=CC=C2)B(O)O,CHEMBL2158364,CC(OC1=CC(=O)OC2=CC=CC=C12)C(=O)NC1=CC=CC2=C1C=CNC2=O
18,CC(C)CC(NC(=O)C(C)OC1=CC(=O)OC2=C1C=CC=C2)B(O)O,CHEMBL2158365,CC(OC1=CC(=O)OC2=CC=CC=C12)C(=O)NC1=CC=NC=C1
18,CC(C)CC(NC(=O)C(C)OC1=CC(=O)OC2=C1C=CC=C2)B(O)O,CHEMBL2158366,CC(OC1=CC(=O)OC2=CC=CC=C12)C(=O)NC12CC3CC(C)(CC(C)(C3)C1)C2
18,CC(C)CC(NC(=O)C(C)OC1=CC(=O)OC2=C1C=CC=C2)B(O)O,CHEMBL2385818,CC(C)CC(NC(=O)C(C)N1C=CC2=NC=CC=C2C1=O)B(O)O
19,CC(C)CC(NC(=O)C(C)N1C=C(Br)C2=C(C=CC=N2)C1=O)B(O)O,CHEMBL2385818,CC(C)CC(NC(=O)C(C)N1C=CC2=NC=CC=C2C1=O)B(O)O
20,CCN(CC)C1=CC(=O)N(C(C)C(=O)NC(CC(C)C)B(O)O)C=C1,CHEMBL2385818,CC(C)CC(NC(=O)C(C)N1C=CC2=NC=CC=C2C1=O)B(O)O
21,CC(C)CC(NC(=O)C(C)N1C=CC2=C(CCCN2C)C1=O)B(O)O,CHEMBL2385818,CC(C)CC(NC(=O)C(C)N1C=CC2=NC=CC=C2C1=O)B(O)O
22,CC(C)CC(NC(=O)C(C)N1C=CC2=CC=C(Br)C=C2C1=O)B(O)O,CHEMBL2385818,CC(C)CC(NC(=O)C(C)N1C=CC2=NC=CC=C2C1=O)B(O)O
23,CC(C)CC(NC(=O)C(C)N1C=CC2=CC=CC=C2C1=O)B(O)O,CHEMBL2385818,CC(C)CC(NC(=O)C(C)N1C=CC2=NC=CC=C2C1=O)B(O)O
24,CC(C)CC(NC(=O)C(C)N1C=CC=CC1=O)B(O)O,CHEMBL2385818,CC(C)CC(NC(=O)C(C)N1C=CC2=NC=CC=C2C1=O)B(O)O
25,CC(C)CC(NC(=O)C(CC(C)C)NC(=O)C(CCCCN)NC(=O)C(CO)NC(=O)C(N)CO)B(O)O,CHEMBL2381657,CC(C)CC(NC(=O)C(CCCCN)NC(=O)C(CO)NC(=O)C(N)CO)C(=O)NC(C=O)CCC(N)=O
26,CC(C)CC(NC(=O)C(CC(C)C)NC(=O)C(CCCCN)NC(=O)C(CO)NC(=O)C(CO)NC(=O)C(=O)OCC1=CC=CC=C1)B(O)O,CHEMBL582947,CC(C)CC(NC(=O)C(CC(C)C)NC(=O)C(CCCCN)NC(=O)C(CO)NC(=O)C(CO)NC(=O)OCC1=CC=CC=C1)B(O)O
27,CC(C)CC(NC(=O)C(CC(C)C)NC(=O)C(CCCCN)NC(=O)C(CO)NC(=O)C(CO)NC(=O)O)B(O)O,CHEMBL582947,CC(C)CC(NC(=O)C(CC(C)C)NC(=O)C(CCCCN)NC(=O)C(CO)NC(=O)C(CO)NC(=O)OCC1=CC=CC=C1)B(O)O
28,CC(C)CC(NC(=O)C(CC(C)C)NC(=O)C(CCCCN)NC(=O)C(CO)NC(=O)C(COCC1=CC=CC=C1)NC(=O)OCC1=CC=CC=C1)B(O)O,CHEMBL582947,CC(C)CC(NC(=O)C(CC(C)C)NC(=O)C(CCCCN)NC(=O)C(CO)NC(=O)C(CO)NC(=O)OCC1=CC=CC=C1)B(O)O
29,CC(C)CC(NC(=O)C(CC(C)C)NC(=O)C1=CC=CC=C1)B(O)O,CHEMBL2180539,CC(C)CC(NC(=O)C1=CC=CC=C1)C(=O)N1CCC(C2=CC=C(Cl)C=C2)CC1
30,CCC(NC(=O)C1=CC=CC=C1)C(=O)NC(CC(C)C)B(O)O,CHEMBL2180527,CCC(NC(=O)C1=CC=CC=C1)C(=O)N1CCC(C2=CC=C(Cl)C=C2)CC1
31,CC(C)CC(NC(=O)C(CC1CCCCC1)NC(=O)C1=CC=CC=C1)B(O)O,CHEMBL200884,N#CCNC(=O)C(CC1CCCCC1)NC(=O)C1=CC=CC=C1
32,CC(C)CC(NC(=O)C(CCC(=O)O)NC(=O)C1=CC=CC(C2=CC=CC=C2)=N1)B(O)O,CHEMBL549308,COC(=O)N1CCN(C(=O)C(CCC(=O)O)NC(=O)C2=CC=CC(C3=CC=CC=C3)=N2)CC1
32,CC(C)CC(NC(=O)C(CCC(=O)O)NC(=O)C1=CC=CC(C2=CC=CC=C2)=N1)B(O)O,CHEMBL549724,CCCCOC(=O)N1CCN(C(=O)C(CCC(=O)O)NC(=O)C2=CC=CC(C3=CC=CC=C3)=N2)CC1
32,CC(C)CC(NC(=O)C(CCC(=O)O)NC(=O)C1=CC=CC(C2=CC=CC=C2)=N1)B(O)O,CHEMBL557062,CCC(=O)ON1CCN(C(=O)C(CCC(=O)O)NC(=O)C2=CC=CC(C3=CC=CC=C3)=N2)CC1
32,CC(C)CC(NC(=O)C(CCC(=O)O)NC(=O)C1=CC=CC(C2=CC=CC=C2)=N1)B(O)O,CHEMBL563041,CCCOC(=O)N1CCN(C(=O)C(CCC(=O)O)NC(=O)C2=CC=CC(C3=CC=CC=C3)=N2)CC1
32,CC(C)CC(NC(=O)C(CCC(=O)O)NC(=O)C1=CC=CC(C2=CC=CC=C2)=N1)B(O)O,CHEMBL596733,C#CCCOC(=O)N1CCN(C(=O)C(CCC(=O)O)NC(=O)C2=CC=CC(C3=CC=CC=C3)=N2)CC1
32,CC(C)CC(NC(=O)C(CCC(=O)O)NC(=O)C1=CC=CC(C2=CC=CC=C2)=N1)B(O)O,CHEMBL598816,CC(C)OC(=O)N1CCN(C(=O)C(CCC(=O)O)NC(=O)C2=CC=CC(C3=CC=CC=C3)=N2)CC1
32,CC(C)CC(NC(=O)C(CCC(=O)O)NC(=O)C1=CC=CC(C2=CC=CC=C2)=N1)B(O)O,CHEMBL599605,CCOC(=O)N1CCN(C(=O)C(CCC(=O)O)NC(=O)C2=CC=CC(C3=CC=CC=C3)=N2)CC1
32,CC(C)CC(NC(=O)C(CCC(=O)O)NC(=O)C1=CC=CC(C2=CC=CC=C2)=N1)B(O)O,CHEMBL605968,COCCOC(=O)N1CCN(C(=O)C(CCC(=O)O)NC(=O)C2=CC=CC(C3=CC=CC=C3)=N2)CC1
33,CC(C)CC(NC(=O)C(CCC(=O)OC(C)(C)C)NC(=O)C1=CC=CC(C2=CC=CC=C2)=N1)B(O)O,CHEMBL596769,CCCNC(=S)N1CCN(C(=O)C(CCC(=O)OC(C)(C)C)NC(=O)C2=CC=CC(C3=CC=CC=C3)=N2)CC1
33,CC(C)CC(NC(=O)C(CCC(=O)OC(C)(C)C)NC(=O)C1=CC=CC(C2=CC=CC=C2)=N1)B(O)O,CHEMBL597158,CCCC(=O)N1CCN(C(=O)C(CCC(=O)OC(C)(C)C)NC(=O)C2=CC=CC(C3=CC=CC=C3)=N2)CC1
33,CC(C)CC(NC(=O)C(CCC(=O)OC(C)(C)C)NC(=O)C1=CC=CC(C2=CC=CC=C2)=N1)B(O)O,CHEMBL598821,CCCNC(=O)N1CCN(C(=O)C(CCC(=O)OC(C)(C)C)NC(=O)C2=CC=CC(C3=CC=CC=C3)=N2)CC1
33,CC(C)CC(NC(=O)C(CCC(=O)OC(C)(C)C)NC(=O)C1=CC=CC(C2=CC=CC=C2)=N1)B(O)O,CHEMBL599006,CCCCC(=O)N1CCN(C(=O)C(CCC(=O)OC(C)(C)C)NC(=O)C2=CC=CC(C3=CC=CC=C3)=N2)CC1
33,CC(C)CC(NC(=O)C(CCC(=O)OC(C)(C)C)NC(=O)C1=CC=CC(C2=CC=CC=C2)=N1)B(O)O,CHEMBL599020,CCCCNC(=O)N1CCN(C(=O)C(CCC(=O)OC(C)(C)C)NC(=O)C2=CC=CC(C3=CC=CC=C3)=N2)CC1
33,CC(C)CC(NC(=O)C(CCC(=O)OC(C)(C)C)NC(=O)C1=CC=CC(C2=CC=CC=C2)=N1)B(O)O,CHEMBL599843,CCNC(=S)N1CCN(C(=O)C(CCC(=O)OC(C)(C)C)NC(=O)C2=CC=CC(C3=CC=CC=C3)=N2)CC1
33,CC(C)CC(NC(=O)C(CCC(=O)OC(C)(C)C)NC(=O)C1=CC=CC(C2=CC=CC=C2)=N1)B(O)O,CHEMBL604497,CCCCNC(=S)N1CCN(C(=O)C(CCC(=O)OC(C)(C)C)NC(=O)C2=CC=CC(C3=CC=CC=C3)=N2)CC1
33,CC(C)CC(NC(=O)C(CCC(=O)OC(C)(C)C)NC(=O)C1=CC=CC(C2=CC=CC=C2)=N1)B(O)O,CHEMBL605847,CCNC(=O)N1CCN(C(=O)C(CCC(=O)OC(C)(C)C)NC(=O)C2=CC=CC(C3=CC=CC=C3)=N2)CC1
34,CCCC(NC(=O)C1=CC=CC=C1)C(=O)NC(CC(C)C)B(O)O,CHEMBL2180538,CCCC(NC(=O)C1=CC=CC=C1)C(=O)N1CCC(C2=CC=C(Cl)C=C2)CC1
35,CCCCC(NC(=O)C(CCC(N)=O)NC(=O)C(CO)NC(=O)C(C)NC(=O)CCCCCN)C(=O)NC(CC(C)C)B(O)O,CHEMBL2381662,CCCCC(NC(=O)C(CCC(N)=O)NC(=O)C(CO)NC(=O)C(C)NC(=O)CCCCCN)C(=O)NC(CC1=CC=CC=C1)B(O)O
35,CCCCC(NC(=O)C(CCC(N)=O)NC(=O)C(CO)NC(=O)C(C)NC(=O)CCCCCN)C(=O)NC(CC(C)C)B(O)O,CHEMBL2381663,CCCCC(NC(=O)C(CCC(N)=O)NC(=O)C(CO)NC(=O)C(C)NC(=O)CCCCCN)C(=O)NC(CCCBr)B(O)O
36,CCCCC(NC(=O)C(CCC(N)=O)NC(=O)C(CO)NC(=O)C(CN)NC(=O)CCCCCN)C(=O)NC(CC(C)C)B(O)O,CHEMBL2381665,CCCCC(NC(=O)C(CCC(N)=O)NC(=O)C(CO)NC(=O)C(CO)NC(=O)CCCCCN)C(=O)NC(CC(C)C)B(O)O
37,CCCCC(NC(=O)C(CCC(N)=O)NC(=O)C(CO)NC(=O)C(CO)NC(=O)CCCCCO)C(=O)NC(CC(C)C)B(O)O,CHEMBL2381665,CCCCC(NC(=O)C(CCC(N)=O)NC(=O)C(CO)NC(=O)C(CO)NC(=O)CCCCCN)C(=O)NC(CC(C)C)B(O)O
38,CCCCC(NC(=O)C(CCC(N)=O)NC(=O)C(CO)NC(=O)C(CC1=CC=CC=C1)NC(=O)CCCCCN)C(=O)NC(CC(C)C)B(O)O,CHEMBL2381661,CCCCC(NC(=O)C(CCC(N)=O)NC(=O)C(CO)NC(=O)C(CC1=CC=CC=C1)NC(=O)CCCCCN)C(=O)NC(CC1=CC=CC=C1)B(O)O
38,CCCCC(NC(=O)C(CCC(N)=O)NC(=O)C(CO)NC(=O)C(CC1=CC=CC=C1)NC(=O)CCCCCN)C(=O)NC(CC(C)C)B(O)O,CHEMBL2381669,CCCCC(NC(=O)C(CCC(N)=O)NC(=O)C(CO)NC(=O)C(CC1=CC=CC=C1)NC(=O)CCCCCN)C(=O)NC(CCCBr)B(O)O
39,CCCCC(NC(=O)C(CCC(N)=O)NC(=O)C(CO)NC(=O)CCCCCN)C(=O)NC(CC(C)C)B(O)O,CHEMBL2381664,CCCCC(NC(=O)C(CCC(N)=O)NC(=O)C(CO)NC(=O)CCCCCN)C(=O)NC(CCCBr)B(O)O
39,CCCCC(NC(=O)C(CCC(N)=O)NC(=O)C(CO)NC(=O)CCCCCN)C(=O)NC(CC(C)C)B(O)O,CHEMBL2381666,CCCCC(NC(=O)C(CCC(N)=O)NC(=O)C(CO)NC(=O)CCCCCN)C(=O)NC(CC1=CC=CC=C1)B(O)O
40,CCCCC(NC(=O)C(CCCCN)NC(=O)C(CO)NC(=O)C(CO)NC(=O)OCC1=CC=CC=C1)C(=O)NC(CC(C)C)B(O)O,CHEMBL2381667,CCCCC(NC(=O)C(CCCCN)NC(=O)C(CO)NC(=O)C(CO)NC(=O)OCC1=CC=CC=C1)C(=O)NC(CC1=CC=CC=C1)B(O)O
40,CCCCC(NC(=O)C(CCCCN)NC(=O)C(CO)NC(=O)C(CO)NC(=O)OCC1=CC=CC=C1)C(=O)NC(CC(C)C)B(O)O,CHEMBL2381668,CCCCC(NC(=O)C(CCCCN)NC(=O)C(CO)NC(=O)C(CO)NC(=O)OCC1=CC=CC=C1)C(=O)NC(CCCBr)B(O)O
41,CC(C)CC(NC(=O)C(CCCCCS)NC(=O)C1=CC=CC=C1)B(O)O,CHEMBL235702,O=C(NC(CCCCCS)C(=O)NC1CCCC1)C1=CC=CC=C1
42,CC(C)CC(NC(=O)C(CCCNC(=N)N)NC(=O)C1=CC=CC=C1)B(O)O,CHEMBL2204019,N=C(N)NCCCC(NC(=O)C1=CC=CC=C1)C(=O)NC(CC1=CC=CC=C1)C(N)=O
43,CC(C)CC(NC(=O)C(CC1=CC=CC=C1)NC(=O)C(=O)NO)B(O)O,CHEMBL325041,CC(C)CC(NC(=O)C(CC1=CC=CC=C1)NC(=O)C1=CN=CC=N1)B(O)O
43,CC(C)CC(NC(=O)C(CC1=CC=CC=C1)NC(=O)C(=O)NO)B(O)O,CHEMBL355756,CN(C)C(=O)C(CC1=CC=CC=C1)NC(=O)C(=O)NO
43,CC(C)CC(NC(=O)C(CC1=CC=CC=C1)NC(=O)C(=O)NO)B(O)O,CHEMBL369184,CC(NC(=O)C(CC1=CC=CC=C1)NC(=O)C(=O)NO)C1=CC=CC=C1
43,CC(C)CC(NC(=O)C(CC1=CC=CC=C1)NC(=O)C(=O)NO)B(O)O,CHEMBL483062,CC(C)CC(NC(=O)C(CC1=CC=CC=C1)NC(=O)C1=CC=CC=C1)B(O)O
44,CC(C)CC(NC(=O)C(CC1=CC=CC=C1)NC(=O)C(N)C(C)C)B(O)O,CHEMBL325041,CC(C)CC(NC(=O)C(CC1=CC=CC=C1)NC(=O)C1=CN=CC=N1)B(O)O
44,CC(C)CC(NC(=O)C(CC1=CC=CC=C1)NC(=O)C(N)C(C)C)B(O)O,CHEMBL483062,CC(C)CC(NC(=O)C(CC1=CC=CC=C1)NC(=O)C1=CC=CC=C1)B(O)O
44,CC(C)CC(NC(=O)C(CC1=CC=CC=C1)NC(=O)C(N)C(C)C)B(O)O,CHEMBL8486,CC(C)C(N)C(=O)NC(CC1=CC=CC=C1)C(=O)O
45,CCC(C)C(N)C(=O)NC(CC1=CC=CC=C1)C(=O)NC(CC(C)C)B(O)O,CHEMBL2370334,CCC(C)C(N)C(=O)NC(CC1=CC=CC=C1)C(=O)NC1CSCCC1=O
45,CCC(C)C(N)C(=O)NC(CC1=CC=CC=C1)C(=O)NC(CC(C)C)B(O)O,CHEMBL325041,CC(C)CC(NC(=O)C(CC1=CC=CC=C1)NC(=O)C1=CN=CC=N1)B(O)O
45,CCC(C)C(N)C(=O)NC(CC1=CC=CC=C1)C(=O)NC(CC(C)C)B(O)O,CHEMBL483062,CC(C)CC(NC(=O)C(CC1=CC=CC=C1)NC(=O)C1=CC=CC=C1)B(O)O
46,CCC(C)C(S)C(=O)NC(CC1=CC=CC=C1)C(=O)NC(CC(C)C)B(O)O,CHEMBL325041,CC(C)CC(NC(=O)C(CC1=CC=CC=C1)NC(=O)C1=CN=CC=N1)B(O)O
46,CCC(C)C(S)C(=O)NC(CC1=CC=CC=C1)C(=O)NC(CC(C)C)B(O)O,CHEMBL400526,CCC(C)C(S)C(=O)NC(CC1=CC=CC=C1)C(=O)O
46,CCC(C)C(S)C(=O)NC(CC1=CC=CC=C1)C(=O)NC(CC(C)C)B(O)O,CHEMBL483062,CC(C)CC(NC(=O)C(CC1=CC=CC=C1)NC(=O)C1=CC=CC=C1)B(O)O
47,CC(C)CC(NC(=O)C(CC1=CC=CC=C1)NC(=O)C(C)N)B(O)O,CHEMBL187898,CC(N)C(=O)NC(CC1=CC=CC=C1)C(=O)N1CCCC1C(=O)O
47,CC(C)CC(NC(=O)C(CC1=CC=CC=C1)NC(=O)C(C)N)B(O)O,CHEMBL191472,CC(C)CC(NC(=O)C(CC1=CC=CC=C1)NC(=O)C(C)N)C(=O)O
47,CC(C)CC(NC(=O)C(CC1=CC=CC=C1)NC(=O)C(C)N)B(O)O,CHEMBL2207132,CC(N)C(=O)NC(CC1=CC=CC=C1)C(=O)OCC(=O)O
47,CC(C)CC(NC(=O)C(CC1=CC=CC=C1)NC(=O)C(C)N)B(O)O,CHEMBL2371837,CC(N)C(=O)NC(CC1=CC=CC=C1)C(=O)NC(C)C(=O)O
47,CC(C)CC(NC(=O)C(CC1=CC=CC=C1)NC(=O)C(C)N)B(O)O,CHEMBL325041,CC(C)CC(NC(=O)C(CC1=CC=CC=C1)NC(=O)C1=CN=CC=N1)B(O)O
47,CC(C)CC(NC(=O)C(CC1=CC=CC=C1)NC(=O)C(C)N)B(O)O,CHEMBL483062,CC(C)CC(NC(=O)C(CC1=CC=CC=C1)NC(=O)C1=CC=CC=C1)B(O)O
47,CC(C)CC(NC(=O)C(CC1=CC=CC=C1)NC(=O)C(C)N)B(O)O,CHEMBL57338,CC(N)C(=O)NC(CC1=CC=CC=C1)C(=O)O
48,CC(C)CC(NC(=O)C(CC1=CC=CC=C1)NC(=O)C(CC(=O)NO)CC(C)C)B(O)O,CHEMBL11306,CNC(=O)C(CC1=CC=CC=C1)NC(=O)C(CC(=O)NO)CC(C)C
48,CC(C)CC(NC(=O)C(CC1=CC=CC=C1)NC(=O)C(CC(=O)NO)CC(C)C)B(O)O,CHEMBL123571,CC(C)CC(CC(=O)NO)C(=O)NC(CC1=CC=CC=C1)C(=O)NCC=O
48,CC(C)CC(NC(=O)C(CC1=CC=CC=C1)NC(=O)C(CC(=O)NO)CC(C)C)B(O)O,CHEMBL124623,CC(C)CC(C=O)NC(=O)C(CC1=CC=CC=C1)NC(=O)C(CC(=O)NO)CC(C)C
48,CC(C)CC(NC(=O)C(CC1=CC=CC=C1)NC(=O)C(CC(=O)NO)CC(C)C)B(O)O,CHEMBL126122,CC(C)CC(CC(=O)NO)C(=O)NC(CC1=CC=CC=C1)C(=O)NC(C)C=O
48,CC(C)CC(NC(=O)C(CC1=CC=CC=C1)NC(=O)C(CC(=O)NO)CC(C)C)B(O)O,CHEMBL325041,CC(C)CC(NC(=O)C(CC1=CC=CC=C1)NC(=O)C1=CN=CC=N1)B(O)O
48,CC(C)CC(NC(=O)C(CC1=CC=CC=C1)NC(=O)C(CC(=O)NO)CC(C)C)B(O)O,CHEMBL338231,CCOC(OCC)C(C)NC(=O)C(CC1=CC=CC=C1)NC(=O)C(CC(=O)NO)CC(C)C
48,CC(C)CC(NC(=O)C(CC1=CC=CC=C1)NC(=O)C(CC(=O)NO)CC(C)C)B(O)O,CHEMBL483062,CC(C)CC(NC(=O)C(CC1=CC=CC=C1)NC(=O)C1=CC=CC=C1)B(O)O
49,CC(C)CC(NC(=O)C(CC1=CC=CC=C1)NC(=O)C(N)CC(C)C)B(O)O,CHEMBL1819443,CC(C)CC(N)C(=O)NC(CC1=CC=CC=C1)C(=O)NCC(N)C(O)C1=CC=C(N)C=C1
49,CC(C)CC(NC(=O)C(CC1=CC=CC=C1)NC(=O)C(N)CC(C)C)B(O)O,CHEMBL1819448,CC(C)CC(N)C(=O)NC(CC1=CC=CC=C1)C(=O)NCC(N)C(O)C1=CC=C(I)C=C1
49,CC(C)CC(NC(=O)C(CC1=CC=CC=C1)NC(=O)C(N)CC(C)C)B(O)O,CHEMBL325041,CC(C)CC(NC(=O)C(CC1=CC=CC=C1)NC(=O)C1=CN=CC=N1)B(O)O
49,CC(C)CC(NC(=O)C(CC1=CC=CC=C1)NC(=O)C(N)CC(C)C)B(O)O,CHEMBL483062,CC(C)CC(NC(=O)C(CC1=CC=CC=C1)NC(=O)C1=CC=CC=C1)B(O)O
50,CC(=O)NC(CC1=CC=CC=C1)C(=O)NC(CC(C)C)B(O)O,CHEMBL197181,CC(=O)NC(CC1=CC=CC=C1)C(=O)NCC#N
50,CC(=O)NC(CC1=CC=CC=C1)C(=O)NC(CC(C)C)B(O)O,CHEMBL2207127,CC(=O)NC(CC1=CC=CC=C1)C(=O)OCC(=O)O
50,CC(=O)NC(CC1=CC=CC=C1)C(=O)NC(CC(C)C)B(O)O,CHEMBL3221591,CC(=O)NC(CC1=CC=CC=C1)C(=O)SCC(=O)O
50,CC(=O)NC(CC1=CC=CC=C1)C(=O)NC(CC(C)C)B(O)O,CHEMBL325041,CC(C)CC(NC(=O)C(CC1=CC=CC=C1)NC(=O)C1=CN=CC=N1)B(O)O
50,CC(=O)NC(CC1=CC=CC=C1)C(=O)NC(CC(C)C)B(O)O,CHEMBL3259880,CC(=O)NC(CC1=CC=CC=C1)C(=O)NC1=CC=C(C2=NSC(=O)O2)C=C1
50,CC(=O)NC(CC1=CC=CC=C1)C(=O)NC(CC(C)C)B(O)O,CHEMBL483062,CC(C)CC(NC(=O)C(CC1=CC=CC=C1)NC(=O)C1=CC=CC=C1)B(O)O
51,CC(C)CC(NC(=O)C(CC1=CC=CC=C1)NC(=O)C1=CCCC1)B(O)O,CHEMBL2382077,NCCCCC(NC(=O)C(CC1=CC=CC=C1)NC(=O)C1=CCCC1)C(N)=O
51,CC(C)CC(NC(=O)C(CC1=CC=CC=C1)NC(=O)C1=CCCC1)B(O)O,CHEMBL325041,CC(C)CC(NC(=O)C(CC1=CC=CC=C1)NC(=O)C1=CN=CC=N1)B(O)O
51,CC(C)CC(NC(=O)C(CC1=CC=CC=C1)NC(=O)C1=CCCC1)B(O)O,CHEMBL483062,CC(C)CC(NC(=O)C(CC1=CC=CC=C1)NC(=O)C1=CC=CC=C1)B(O)O
52,CC(C)CC(NC(=O)C(CC1=CC=CC=C1)NC(=O)C1CCCCN1)B(O)O,CHEMBL2382076,NCCCCC(NC(=O)C(CC1=CC=CC=C1)NC(=O)C1CCCCN1)C(N)=O
52,CC(C)CC(NC(=O)C(CC1=CC=CC=C1)NC(=O)C1CCCCN1)B(O)O,CHEMBL325041,CC(C)CC(NC(=O)C(CC1=CC=CC=C1)NC(=O)C1=CN=CC=N1)B(O)O
52,CC(C)CC(NC(=O)C(CC1=CC=CC=C1)NC(=O)C1CCCCN1)B(O)O,CHEMBL483062,CC(C)CC(NC(=O)C(CC1=CC=CC=C1)NC(=O)C1=CC=CC=C1)B(O)O
53,CC(C)CC(NC(=O)C(CC1=CC=CC=C1)NC(=O)C1CCCN1)B(O)O,CHEMBL325041,CC(C)CC(NC(=O)C(CC1=CC=CC=C1)NC(=O)C1=CN=CC=N1)B(O)O
53,CC(C)CC(NC(=O)C(CC1=CC=CC=C1)NC(=O)C1CCCN1)B(O)O,CHEMBL426809,NCCCCC(NC(=O)C(CC1=CC=CC=C1)NC(=O)C1CCCN1)C(=O)O
53,CC(C)CC(NC(=O)C(CC1=CC=CC=C1)NC(=O)C1CCCN1)B(O)O,CHEMBL483062,CC(C)CC(NC(=O)C(CC1=CC=CC=C1)NC(=O)C1=CC=CC=C1)B(O)O
53,CC(C)CC(NC(=O)C(CC1=CC=CC=C1)NC(=O)C1CCCN1)B(O)O,CHEMBL521527,N=C(N)NCCCC(NC(=O)C(CC1=CC=CC=C1)NC(=O)C1CCCN1)C(=O)CCl
54,CC(C)CC(NC(=O)C(CC1=CC=CC=C1)NC(=O)CCC(=O)O)B(O)O,CHEMBL325041,CC(C)CC(NC(=O)C(CC1=CC=CC=C1)NC(=O)C1=CN=CC=N1)B(O)O
54,CC(C)CC(NC(=O)C(CC1=CC=CC=C1)NC(=O)CCC(=O)O)B(O)O,CHEMBL446487,O=C(O)CCC(=O)NC(CC1=CC=CC=C1)C(=O)O
54,CC(C)CC(NC(=O)C(CC1=CC=CC=C1)NC(=O)CCC(=O)O)B(O)O,CHEMBL483062,CC(C)CC(NC(=O)C(CC1=CC=CC=C1)NC(=O)C1=CC=CC=C1)B(O)O
55,CC(C)CC(NC(=O)C(CC1=CC=CC=C1)NC(=O)CN)B(O)O,CHEMBL299889,NCC(=O)NC(CC1=CC=CC=C1)C(=O)O
55,CC(C)CC(NC(=O)C(CC1=CC=CC=C1)NC(=O)CN)B(O)O,CHEMBL325041,CC(C)CC(NC(=O)C(CC1=CC=CC=C1)NC(=O)C1=CN=CC=N1)B(O)O
55,CC(C)CC(NC(=O)C(CC1=CC=CC=C1)NC(=O)CN)B(O)O,CHEMBL483062,CC(C)CC(NC(=O)C(CC1=CC=CC=C1)NC(=O)C1=CC=CC=C1)B(O)O
56,CC(C)CC(NC(=O)C(CC1=CC=CC=C1)NC(=O)OC(C)(C)C)B(O)O,CHEMBL200181,CC(=O)CNC(=O)C(CC1=CC=CC=C1)NC(=O)OC(C)(C)C
56,CC(C)CC(NC(=O)C(CC1=CC=CC=C1)NC(=O)OC(C)(C)C)B(O)O,CHEMBL200374,CC(C)(C)OC(=O)NC(CC1=CC=CC=C1)C(=O)NCC#N
56,CC(C)CC(NC(=O)C(CC1=CC=CC=C1)NC(=O)OC(C)(C)C)B(O)O,CHEMBL200521,CC(C)(C)OC(=O)NC(CC1=CC=CC=C1)C(=O)NCC=O
56,CC(C)CC(NC(=O)C(CC1=CC=CC=C1)NC(=O)OC(C)(C)C)B(O)O,CHEMBL2348404,CC(C)(C)OC(=O)NC(CC1=CC=CC=C1)C(=O)OC1=CC=CC2=C1NC(=O)O2
56,CC(C)CC(NC(=O)C(CC1=CC=CC=C1)NC(=O)OC(C)(C)C)B(O)O,CHEMBL325041,CC(C)CC(NC(=O)C(CC1=CC=CC=C1)NC(=O)C1=CN=CC=N1)B(O)O
56,CC(C)CC(NC(=O)C(CC1=CC=CC=C1)NC(=O)OC(C)(C)C)B(O)O,CHEMBL3298516,CC(C)(C)OC(=O)NC(CC1=CC=CC=C1)C(=O)NCCN1C(=O)C=CC1=O
56,CC(C)CC(NC(=O)C(CC1=CC=CC=C1)NC(=O)OC(C)(C)C)B(O)O,CHEMBL483062,CC(C)CC(NC(=O)C(CC1=CC=CC=C1)NC(=O)C1=CC=CC=C1)B(O)O
57,CC(C)CC(NC(=O)C(CC1=CC=CC=C1)NC(=O)OCC1=CC=CC=C1)B(O)O,CHEMBL100017,CC(C)N1CC(=O)C(NC(=O)C(CC2=CC=CC=C2)NC(=O)OCC2=CC=CC=C2)CC1=O
57,CC(C)CC(NC(=O)C(CC1=CC=CC=C1)NC(=O)OCC1=CC=CC=C1)B(O)O,CHEMBL100895,COCCN1CC(=O)C(NC(=O)C(CC2=CC=CC=C2)NC(=O)OCC2=CC=CC=C2)CC1=O
57,CC(C)CC(NC(=O)C(CC1=CC=CC=C1)NC(=O)OCC1=CC=CC=C1)B(O)O,CHEMBL101306,CCCN1CC(=O)C(NC(=O)C(CC2=CC=CC=C2)NC(=O)OCC2=CC=CC=C2)CC1=O
57,CC(C)CC(NC(=O)C(CC1=CC=CC=C1)NC(=O)OCC1=CC=CC=C1)B(O)O,CHEMBL105708,CC(C)CN1CC(=O)C(NC(=O)C(CC2=CC=CC=C2)NC(=O)OCC2=CC=CC=C2)CC1=O
57,CC(C)CC(NC(=O)C(CC1=CC=CC=C1)NC(=O)OCC1=CC=CC=C1)B(O)O,CHEMBL122591,CC(C=O)NC(=O)C(CC1=CC=CC=C1)NC(=O)OCC1=CC=CC=C1
57,CC(C)CC(NC(=O)C(CC1=CC=CC=C1)NC(=O)OCC1=CC=CC=C1)B(O)O,CHEMBL1672506,CC(NC(=O)C(CC1=CC=CC=C1)NC(=O)OCC1=CC=CC=C1)C(N)=O
57,CC(C)CC(NC(=O)C(CC1=CC=CC=C1)NC(=O)OCC1=CC=CC=C1)B(O)O,CHEMBL177914,O=CC(CC1=CC=C(O)C=C1)NC(=O)C(CC1=CC=CC=C1)NC(=O)OCC1=CC=CC=C1
57,CC(C)CC(NC(=O)C(CC1=CC=CC=C1)NC(=O)OCC1=CC=CC=C1)B(O)O,CHEMBL2169921,NC1CC1C1=CC=C(NC(=O)C(CC2=CC=CC=C2)NC(=O)OCC2=CC=CC=C2)C=C1
57,CC(C)CC(NC(=O)C(CC1=CC=CC=C1)NC(=O)OCC1=CC=CC=C1)B(O)O,CHEMBL2368566,O=C(NC(CC1=CC=CC=C1)C(=O)NC(CC1=CC=CC=C1)C(=O)CF)OCC1=CC=CC=C1
57,CC(C)CC(NC(=O)C(CC1=CC=CC=C1)NC(=O)OCC1=CC=CC=C1)B(O)O,CHEMBL2381988,NCCCCC(NC(=O)C(CC1=CC=CC=C1)NC(=O)OCC1=CC=CC=C1)C(N)=O
57,CC(C)CC(NC(=O)C(CC1=CC=CC=C1)NC(=O)OCC1=CC=CC=C1)B(O)O,CHEMBL2381989,CNCCCCC(NC(=O)C(CC1=CC=CC=C1)NC(=O)OCC1=CC=CC=C1)C(N)=O
57,CC(C)CC(NC(=O)C(CC1=CC=CC=C1)NC(=O)OCC1=CC=CC=C1)B(O)O,CHEMBL2381990,NC(=O)C(CCCC(N)O)NC(=O)C(CC1=CC=CC=C1)NC(=O)OCC1=CC=CC=C1
57,CC(C)CC(NC(=O)C(CC1=CC=CC=C1)NC(=O)OCC1=CC=CC=C1)B(O)O,CHEMBL2381991,NCCCC(NC(=O)C(CC1=CC=CC=C1)NC(=O)OCC1=CC=CC=C1)C(N)=O
57,CC(C)CC(NC(=O)C(CC1=CC=CC=C1)NC(=O)OCC1=CC=CC=C1)B(O)O,CHEMBL2381992,NC(=O)C(N)NC(=O)C(CC1=CC=CC=C1)NC(=O)OCC1=CC=CC=C1
57,CC(C)CC(NC(=O)C(CC1=CC=CC=C1)NC(=O)OCC1=CC=CC=C1)B(O)O,CHEMBL2381993,NC(=O)C(CC1=CC=C(N)C=C1)NC(=O)C(CC1=CC=CC=C1)NC(=O)OCC1=CC=CC=C1
57,CC(C)CC(NC(=O)C(CC1=CC=CC=C1)NC(=O)OCC1=CC=CC=C1)B(O)O,CHEMBL2381994,N=C(N)NCCCC(NC(=O)C(CC1=CC=CC=C1)NC(=O)OCC1=CC=CC=C1)C(N)=O
57,CC(C)CC(NC(=O)C(CC1=CC=CC=C1)NC(=O)OCC1=CC=CC=C1)B(O)O,CHEMBL2381995,NC(=O)C(CC1=CNC=N1)NC(=O)C(CC1=CC=CC=C1)NC(=O)OCC1=CC=CC=C1
57,CC(C)CC(NC(=O)C(CC1=CC=CC=C1)NC(=O)OCC1=CC=CC=C1)B(O)O,CHEMBL2381996,CSCCC(NC(=O)C(CC1=CC=CC=C1)NC(=O)OCC1=CC=CC=C1)C(N)=O
57,CC(C)CC(NC(=O)C(CC1=CC=CC=C1)NC(=O)OCC1=CC=CC=C1)B(O)O,CHEMBL2381997,CC(C)C(NC(=O)C(CC1=CC=CC=C1)NC(=O)OCC1=CC=CC=C1)C(N)=O
57,CC(C)CC(NC(=O)C(CC1=CC=CC=C1)NC(=O)OCC1=CC=CC=C1)B(O)O,CHEMBL281518,O=C(NC(CC1=CC=CC=C1)C(=O)NC1CNC1=O)OCC1=CC=CC=C1
57,CC(C)CC(NC(=O)C(CC1=CC=CC=C1)NC(=O)OCC1=CC=CC=C1)B(O)O,CHEMBL282602,O=C(NC(CC1=CC=CC=C1)C(=O)NC1C(=O)NC1OC1=CC=CC=C1)OCC1=CC=CC=C1
57,CC(C)CC(NC(=O)C(CC1=CC=CC=C1)NC(=O)OCC1=CC=CC=C1)B(O)O,CHEMBL30957,CC(C)(C)OC1NC(=O)C1NC(=O)C(CC1=CC=CC=C1)NC(=O)OCC1=CC=CC=C1
57,CC(C)CC(NC(=O)C(CC1=CC=CC=C1)NC(=O)OCC1=CC=CC=C1)B(O)O,CHEMBL30969,CCCCOC1NC(=O)C1NC(=O)C(CC1=CC=CC=C1)NC(=O)OCC1=CC=CC=C1
57,CC(C)CC(NC(=O)C(CC1=CC=CC=C1)NC(=O)OCC1=CC=CC=C1)B(O)O,CHEMBL31272,O=C(NC(CC1=CC=CC=C1)C(=O)NC1C(=O)NC1SC1=CC=CC=C1)OCC1=CC=CC=C1
57,CC(C)CC(NC(=O)C(CC1=CC=CC=C1)NC(=O)OCC1=CC=CC=C1)B(O)O,CHEMBL31363,CC(C)COC1NC(=O)C1NC(=O)C(CC1=CC=CC=C1)NC(=O)OCC1=CC=CC=C1
57,CC(C)CC(NC(=O)C(CC1=CC=CC=C1)NC(=O)OCC1=CC=CC=C1)B(O)O,CHEMBL323637,O=C(NC(CC1=CC=CC=C1)C(=O)NC1C(=O)N2CCS(=O)(=O)C12)OCC1=CC=CC=C1
57,CC(C)CC(NC(=O)C(CC1=CC=CC=C1)NC(=O)OCC1=CC=CC=C1)B(O)O,CHEMBL325041,CC(C)CC(NC(=O)C(CC1=CC=CC=C1)NC(=O)C1=CN=CC=N1)B(O)O
57,CC(C)CC(NC(=O)C(CC1=CC=CC=C1)NC(=O)OCC1=CC=CC=C1)B(O)O,CHEMBL326342,O=C(NC(CC1=CC=CC=C1)C(=O)NC1C(=O)N2CC[S+]([O-])C12)OCC1=CC=CC=C1
57,CC(C)CC(NC(=O)C(CC1=CC=CC=C1)NC(=O)OCC1=CC=CC=C1)B(O)O,CHEMBL344174,N#CCNC(=O)C(CC1=CC=CC=C1)NC(=O)OCC1=CC=CC=C1
57,CC(C)CC(NC(=O)C(CC1=CC=CC=C1)NC(=O)OCC1=CC=CC=C1)B(O)O,CHEMBL417303,CC(=O)OC1NC(=O)C1NC(=O)C(CC1=CC=CC=C1)NC(=O)OCC1=CC=CC=C1
57,CC(C)CC(NC(=O)C(CC1=CC=CC=C1)NC(=O)OCC1=CC=CC=C1)B(O)O,CHEMBL423787,CC(C)CC(NC(=O)C(CC1=CC=CC=C1)NC(=O)OCC1=CC=CC=C1)C(N)=O
57,CC(C)CC(NC(=O)C(CC1=CC=CC=C1)NC(=O)OCC1=CC=CC=C1)B(O)O,CHEMBL483062,CC(C)CC(NC(=O)C(CC1=CC=CC=C1)NC(=O)C1=CC=CC=C1)B(O)O
57,CC(C)CC(NC(=O)C(CC1=CC=CC=C1)NC(=O)OCC1=CC=CC=C1)B(O)O,CHEMBL486977,C[S+](C)CC(=O)CCC(NC(=O)C(CC1=CC=CC=C1)NC(=O)OCC1=CC=CC=C1)C(=O)O
57,CC(C)CC(NC(=O)C(CC1=CC=CC=C1)NC(=O)OCC1=CC=CC=C1)B(O)O,CHEMBL604281,CN(C#N)N(C)C(=O)C(CC1=CC=CC=C1)NC(=O)OCC1=CC=CC=C1
57,CC(C)CC(NC(=O)C(CC1=CC=CC=C1)NC(=O)OCC1=CC=CC=C1)B(O)O,CHEMBL66143,O=C(NC(CC1=CC=CC=C1)C(=O)O)OCC1=CC=CC=C1
58,CC(C)CC(NC(=O)C(CC1=CC=CC=C1)NC(=O)C1=CC=CC=N1)B(O)O,CHEMBL2382073,NCCCCC(NC(=O)C(CC1=CC=CC=C1)NC(=O)C1=CC=CC=N1)C(N)=O
58,CC(C)CC(NC(=O)C(CC1=CC=CC=C1)NC(=O)C1=CC=CC=N1)B(O)O,CHEMBL325041,CC(C)CC(NC(=O)C(CC1=CC=CC=C1)NC(=O)C1=CN=CC=N1)B(O)O
58,CC(C)CC(NC(=O)C(CC1=CC=CC=C1)NC(=O)C1=CC=CC=N1)B(O)O,CHEMBL483062,CC(C)CC(NC(=O)C(CC1=CC=CC=C1)NC(=O)C1=CC=CC=C1)B(O)O
59,CC(C)CC(NC(=O)CCC(=O)C(CC1=CC=CC=C1)NC(=O)C1=CC=CC=C1)B(O)O,CHEMBL213105,O=C(CCC(=O)C(CC1=CC=CC=C1)NC(=O)C1=CC=CC=C1)NC(CC1=CC=CC=C1)C(=O)O
59,CC(C)CC(NC(=O)CCC(=O)C(CC1=CC=CC=C1)NC(=O)C1=CC=CC=C1)B(O)O,CHEMBL435360,O=C(NC(CC1=CC=CC=C1)C(=O)CCC(=O)N1CCCC1C(=O)O)C1=CC=CC=C1
60,CC(C)CC(NC(=O)CCN1C=C(Br)C2=C(C=CC=N2)C1=O)B(O)O,CHEMBL3287937,CC(C)CC(NC(=O)CCN1C=CC2=NC=CC=C2C1=O)B(O)O
60,CC(C)CC(NC(=O)CCN1C=C(Br)C2=C(C=CC=N2)C1=O)B(O)O,CHEMBL3287940,CC(C)CC(NC(=O)CCN1C=CC2=CC=CC=C2C1=O)B(O)O
60,CC(C)CC(NC(=O)CCN1C=C(Br)C2=C(C=CC=N2)C1=O)B(O)O,CHEMBL3287944,CC(C)CC(NC(=O)CCN1C=CC2=CC=C(Br)C=C2C1=O)B(O)O
60,CC(C)CC(NC(=O)CCN1C=C(Br)C2=C(C=CC=N2)C1=O)B(O)O,CHEMBL3287946,CC(C)CCNC(=O)CCN1C=C(Br)C2=NC=CC=C2C1=O
61,CCN(CC)C1=CC(=O)N(CCC(=O)NC(CC(C)C)B(O)O)C=C1,CHEMBL3287937,CC(C)CC(NC(=O)CCN1C=CC2=NC=CC=C2C1=O)B(O)O
61,CCN(CC)C1=CC(=O)N(CCC(=O)NC(CC(C)C)B(O)O)C=C1,CHEMBL3287940,CC(C)CC(NC(=O)CCN1C=CC2=CC=CC=C2C1=O)B(O)O
61,CCN(CC)C1=CC(=O)N(CCC(=O)NC(CC(C)C)B(O)O)C=C1,CHEMBL3287944,CC(C)CC(NC(=O)CCN1C=CC2=CC=C(Br)C=C2C1=O)B(O)O
62,CC(C)CC(NC(=O)CCN1C=CC2=C(CCCN2C)C1=O)B(O)O,CHEMBL3287937,CC(C)CC(NC(=O)CCN1C=CC2=NC=CC=C2C1=O)B(O)O
62,CC(C)CC(NC(=O)CCN1C=CC2=C(CCCN2C)C1=O)B(O)O,CHEMBL3287940,CC(C)CC(NC(=O)CCN1C=CC2=CC=CC=C2C1=O)B(O)O
62,CC(C)CC(NC(=O)CCN1C=CC2=C(CCCN2C)C1=O)B(O)O,CHEMBL3287944,CC(C)CC(NC(=O)CCN1C=CC2=CC=C(Br)C=C2C1=O)B(O)O
63,CC(C)CC(NC(=O)CCN1C=CC=CC1=O)B(O)O,CHEMBL3287937,CC(C)CC(NC(=O)CCN1C=CC2=NC=CC=C2C1=O)B(O)O
63,CC(C)CC(NC(=O)CCN1C=CC=CC1=O)B(O)O,CHEMBL3287940,CC(C)CC(NC(=O)CCN1C=CC2=CC=CC=C2C1=O)B(O)O
63,CC(C)CC(NC(=O)CCN1C=CC=CC1=O)B(O)O,CHEMBL3287944,CC(C)CC(NC(=O)CCN1C=CC2=CC=C(Br)C=C2C1=O)B(O)O
64,CC(C)CC(NC(=O)CN)B(O)O,CHEMBL2385810,CC(C)CC(NC(=O)CN1C=CC=CC1=O)B(O)O
64,CC(C)CC(NC(=O)CN)B(O)O,CHEMBL2385811,CCN(CC)C1=CC(=O)N(CC(=O)NC(CC(C)C)B(O)O)C=C1
64,CC(C)CC(NC(=O)CN)B(O)O,CHEMBL2385817,CC(C)CC(NC(=O)CN1C=CC2=NC=CC=C2C1=O)B(O)O
64,CC(C)CC(NC(=O)CN)B(O)O,CHEMBL2385819,CC(C)CC(NC(=O)CN1C=C(Br)C2=NC=CC=C2C1=O)B(O)O
64,CC(C)CC(NC(=O)CN)B(O)O,CHEMBL2385820,CC(C)CC(NC(=O)CN1C=CC2=C(CCCN2C)C1=O)B(O)O
64,CC(C)CC(NC(=O)CN)B(O)O,CHEMBL3287939,CC(C)CC(NC(=O)CN1C=CC2=CC=CC=C2C1=O)B(O)O
64,CC(C)CC(NC(=O)CN)B(O)O,CHEMBL3287943,CC(C)CC(NC(=O)CN1C=CC2=CC=C(Br)C=C2C1=O)B(O)O
65,CC(C)CC(NC(=O)CNC(=O)C1=CC=CC(C2=CC=CC=C2)=N1)B(O)O,CHEMBL549307,CCC(=O)ON1CCN(C(=O)CNC(=O)C2=CC=CC(C3=CC=CC=C3)=N2)CC1
65,CC(C)CC(NC(=O)CNC(=O)C1=CC=CC(C2=CC=CC=C2)=N1)B(O)O,CHEMBL599202,CCOC(=O)N1CCN(C(=O)CNC(=O)C2=CC=CC(C3=CC=CC=C3)=N2)CC1
66,CCC1=CC(=O)N(CC(=O)NC(CC(C)C)B(O)O)C=C1,CHEMBL2385810,CC(C)CC(NC(=O)CN1C=CC=CC1=O)B(O)O
66,CCC1=CC(=O)N(CC(=O)NC(CC(C)C)B(O)O)C=C1,CHEMBL2385811,CCN(CC)C1=CC(=O)N(CC(=O)NC(CC(C)C)B(O)O)C=C1
66,CCC1=CC(=O)N(CC(=O)NC(CC(C)C)B(O)O)C=C1,CHEMBL2385817,CC(C)CC(NC(=O)CN1C=CC2=NC=CC=C2C1=O)B(O)O
66,CCC1=CC(=O)N(CC(=O)NC(CC(C)C)B(O)O)C=C1,CHEMBL2385819,CC(C)CC(NC(=O)CN1C=C(Br)C2=NC=CC=C2C1=O)B(O)O
66,CCC1=CC(=O)N(CC(=O)NC(CC(C)C)B(O)O)C=C1,CHEMBL2385820,CC(C)CC(NC(=O)CN1C=CC2=C(CCCN2C)C1=O)B(O)O
66,CCC1=CC(=O)N(CC(=O)NC(CC(C)C)B(O)O)C=C1,CHEMBL3287939,CC(C)CC(NC(=O)CN1C=CC2=CC=CC=C2C1=O)B(O)O
66,CCC1=CC(=O)N(CC(=O)NC(CC(C)C)B(O)O)C=C1,CHEMBL3287943,CC(C)CC(NC(=O)CN1C=CC2=CC=C(Br)C=C2C1=O)B(O)O
67,C=CCC1=CC(=O)N(CC(=O)NC(CC(C)C)B(O)O)C=C1,CHEMBL2385810,CC(C)CC(NC(=O)CN1C=CC=CC1=O)B(O)O
67,C=CCC1=CC(=O)N(CC(=O)NC(CC(C)C)B(O)O)C=C1,CHEMBL2385811,CCN(CC)C1=CC(=O)N(CC(=O)NC(CC(C)C)B(O)O)C=C1
67,C=CCC1=CC(=O)N(CC(=O)NC(CC(C)C)B(O)O)C=C1,CHEMBL2385817,CC(C)CC(NC(=O)CN1C=CC2=NC=CC=C2C1=O)B(O)O
67,C=CCC1=CC(=O)N(CC(=O)NC(CC(C)C)B(O)O)C=C1,CHEMBL2385819,CC(C)CC(NC(=O)CN1C=C(Br)C2=NC=CC=C2C1=O)B(O)O
67,C=CCC1=CC(=O)N(CC(=O)NC(CC(C)C)B(O)O)C=C1,CHEMBL2385820,CC(C)CC(NC(=O)CN1C=CC2=C(CCCN2C)C1=O)B(O)O
67,C=CCC1=CC(=O)N(CC(=O)NC(CC(C)C)B(O)O)C=C1,CHEMBL3287939,CC(C)CC(NC(=O)CN1C=CC2=CC=CC=C2C1=O)B(O)O
67,C=CCC1=CC(=O)N(CC(=O)NC(CC(C)C)B(O)O)C=C1,CHEMBL3287943,CC(C)CC(NC(=O)CN1C=CC2=CC=C(Br)C=C2C1=O)B(O)O
68,C=CCN(CC)C1=CC(=O)N(CC(=O)NC(CC(C)C)B(O)O)C=C1,CHEMBL2385810,CC(C)CC(NC(=O)CN1C=CC=CC1=O)B(O)O
68,C=CCN(CC)C1=CC(=O)N(CC(=O)NC(CC(C)C)B(O)O)C=C1,CHEMBL2385811,CCN(CC)C1=CC(=O)N(CC(=O)NC(CC(C)C)B(O)O)C=C1
68,C=CCN(CC)C1=CC(=O)N(CC(=O)NC(CC(C)C)B(O)O)C=C1,CHEMBL2385812,CC(C)CC(NC(=O)CN1C=CC(N2CCOCC2)=CC1=O)B(O)O
68,C=CCN(CC)C1=CC(=O)N(CC(=O)NC(CC(C)C)B(O)O)C=C1,CHEMBL2385813,CC(C)CC(NC(=O)CN1C=CC(N2CCCCC2)=CC1=O)B(O)O
68,C=CCN(CC)C1=CC(=O)N(CC(=O)NC(CC(C)C)B(O)O)C=C1,CHEMBL2385816,C=CCN1CCN(C2=CC(=O)N(CC(=O)NC(CC(C)C)B(O)O)C=C2)CC1
69,CCN1CCN(C2=CC(=O)N(CC(=O)NC(CC(C)C)B(O)O)C=C2)CC1,CHEMBL2385810,CC(C)CC(NC(=O)CN1C=CC=CC1=O)B(O)O
69,CCN1CCN(C2=CC(=O)N(CC(=O)NC(CC(C)C)B(O)O)C=C2)CC1,CHEMBL2385811,CCN(CC)C1=CC(=O)N(CC(=O)NC(CC(C)C)B(O)O)C=C1
69,CCN1CCN(C2=CC(=O)N(CC(=O)NC(CC(C)C)B(O)O)C=C2)CC1,CHEMBL2385812,CC(C)CC(NC(=O)CN1C=CC(N2CCOCC2)=CC1=O)B(O)O
69,CCN1CCN(C2=CC(=O)N(CC(=O)NC(CC(C)C)B(O)O)C=C2)CC1,CHEMBL2385813,CC(C)CC(NC(=O)CN1C=CC(N2CCCCC2)=CC1=O)B(O)O
69,CCN1CCN(C2=CC(=O)N(CC(=O)NC(CC(C)C)B(O)O)C=C2)CC1,CHEMBL2385816,C=CCN1CCN(C2=CC(=O)N(CC(=O)NC(CC(C)C)B(O)O)C=C2)CC1
70,CCN(CC)N1CCN(C2=CC(=O)N(CC(=O)NC(CC(C)C)B(O)O)C=C2)CC1,CHEMBL2385810,CC(C)CC(NC(=O)CN1C=CC=CC1=O)B(O)O
70,CCN(CC)N1CCN(C2=CC(=O)N(CC(=O)NC(CC(C)C)B(O)O)C=C2)CC1,CHEMBL2385811,CCN(CC)C1=CC(=O)N(CC(=O)NC(CC(C)C)B(O)O)C=C1
70,CCN(CC)N1CCN(C2=CC(=O)N(CC(=O)NC(CC(C)C)B(O)O)C=C2)CC1,CHEMBL2385812,CC(C)CC(NC(=O)CN1C=CC(N2CCOCC2)=CC1=O)B(O)O
70,CCN(CC)N1CCN(C2=CC(=O)N(CC(=O)NC(CC(C)C)B(O)O)C=C2)CC1,CHEMBL2385813,CC(C)CC(NC(=O)CN1C=CC(N2CCCCC2)=CC1=O)B(O)O
70,CCN(CC)N1CCN(C2=CC(=O)N(CC(=O)NC(CC(C)C)B(O)O)C=C2)CC1,CHEMBL2385816,C=CCN1CCN(C2=CC(=O)N(CC(=O)NC(CC(C)C)B(O)O)C=C2)CC1
71,CC(C)CC(NC(=O)CN1C=CC(N2CCN(N3CCCCC3)CC2)=CC1=O)B(O)O,CHEMBL2385810,CC(C)CC(NC(=O)CN1C=CC=CC1=O)B(O)O
71,CC(C)CC(NC(=O)CN1C=CC(N2CCN(N3CCCCC3)CC2)=CC1=O)B(O)O,CHEMBL2385811,CCN(CC)C1=CC(=O)N(CC(=O)NC(CC(C)C)B(O)O)C=C1
71,CC(C)CC(NC(=O)CN1C=CC(N2CCN(N3CCCCC3)CC2)=CC1=O)B(O)O,CHEMBL2385812,CC(C)CC(NC(=O)CN1C=CC(N2CCOCC2)=CC1=O)B(O)O
71,CC(C)CC(NC(=O)CN1C=CC(N2CCN(N3CCCCC3)CC2)=CC1=O)B(O)O,CHEMBL2385813,CC(C)CC(NC(=O)CN1C=CC(N2CCCCC2)=CC1=O)B(O)O
71,CC(C)CC(NC(=O)CN1C=CC(N2CCN(N3CCCCC3)CC2)=CC1=O)B(O)O,CHEMBL2385816,C=CCN1CCN(C2=CC(=O)N(CC(=O)NC(CC(C)C)B(O)O)C=C2)CC1
72,CC(C)CC(NC(=O)CN1C=CC(N2CCN(N3CCOCC3)CC2)=CC1=O)B(O)O,CHEMBL2385810,CC(C)CC(NC(=O)CN1C=CC=CC1=O)B(O)O
72,CC(C)CC(NC(=O)CN1C=CC(N2CCN(N3CCOCC3)CC2)=CC1=O)B(O)O,CHEMBL2385811,CCN(CC)C1=CC(=O)N(CC(=O)NC(CC(C)C)B(O)O)C=C1
72,CC(C)CC(NC(=O)CN1C=CC(N2CCN(N3CCOCC3)CC2)=CC1=O)B(O)O,CHEMBL2385812,CC(C)CC(NC(=O)CN1C=CC(N2CCOCC2)=CC1=O)B(O)O
72,CC(C)CC(NC(=O)CN1C=CC(N2CCN(N3CCOCC3)CC2)=CC1=O)B(O)O,CHEMBL2385813,CC(C)CC(NC(=O)CN1C=CC(N2CCCCC2)=CC1=O)B(O)O
72,CC(C)CC(NC(=O)CN1C=CC(N2CCN(N3CCOCC3)CC2)=CC1=O)B(O)O,CHEMBL2385816,C=CCN1CCN(C2=CC(=O)N(CC(=O)NC(CC(C)C)B(O)O)C=C2)CC1
73,CC(C)CC(NC(=O)CN1C=CC(N2CCNCC2)=CC1=O)B(O)O,CHEMBL2385810,CC(C)CC(NC(=O)CN1C=CC=CC1=O)B(O)O
73,CC(C)CC(NC(=O)CN1C=CC(N2CCNCC2)=CC1=O)B(O)O,CHEMBL2385811,CCN(CC)C1=CC(=O)N(CC(=O)NC(CC(C)C)B(O)O)C=C1
73,CC(C)CC(NC(=O)CN1C=CC(N2CCNCC2)=CC1=O)B(O)O,CHEMBL2385812,CC(C)CC(NC(=O)CN1C=CC(N2CCOCC2)=CC1=O)B(O)O
73,CC(C)CC(NC(=O)CN1C=CC(N2CCNCC2)=CC1=O)B(O)O,CHEMBL2385813,CC(C)CC(NC(=O)CN1C=CC(N2CCCCC2)=CC1=O)B(O)O
73,CC(C)CC(NC(=O)CN1C=CC(N2CCNCC2)=CC1=O)B(O)O,CHEMBL2385816,C=CCN1CCN(C2=CC(=O)N(CC(=O)NC(CC(C)C)B(O)O)C=C2)CC1
74,CCNC1=CC(=O)N(CC(=O)NC(CC(C)C)B(O)O)C=C1,CHEMBL2385810,CC(C)CC(NC(=O)CN1C=CC=CC1=O)B(O)O
74,CCNC1=CC(=O)N(CC(=O)NC(CC(C)C)B(O)O)C=C1,CHEMBL2385811,CCN(CC)C1=CC(=O)N(CC(=O)NC(CC(C)C)B(O)O)C=C1
74,CCNC1=CC(=O)N(CC(=O)NC(CC(C)C)B(O)O)C=C1,CHEMBL2385812,CC(C)CC(NC(=O)CN1C=CC(N2CCOCC2)=CC1=O)B(O)O
74,CCNC1=CC(=O)N(CC(=O)NC(CC(C)C)B(O)O)C=C1,CHEMBL2385813,CC(C)CC(NC(=O)CN1C=CC(N2CCCCC2)=CC1=O)B(O)O
74,CCNC1=CC(=O)N(CC(=O)NC(CC(C)C)B(O)O)C=C1,CHEMBL2385816,C=CCN1CCN(C2=CC(=O)N(CC(=O)NC(CC(C)C)B(O)O)C=C2)CC1
74,CCNC1=CC(=O)N(CC(=O)NC(CC(C)C)B(O)O)C=C1,CHEMBL2385817,CC(C)CC(NC(=O)CN1C=CC2=NC=CC=C2C1=O)B(O)O
74,CCNC1=CC(=O)N(CC(=O)NC(CC(C)C)B(O)O)C=C1,CHEMBL2385819,CC(C)CC(NC(=O)CN1C=C(Br)C2=NC=CC=C2C1=O)B(O)O
74,CCNC1=CC(=O)N(CC(=O)NC(CC(C)C)B(O)O)C=C1,CHEMBL2385820,CC(C)CC(NC(=O)CN1C=CC2=C(CCCN2C)C1=O)B(O)O
74,CCNC1=CC(=O)N(CC(=O)NC(CC(C)C)B(O)O)C=C1,CHEMBL3287939,CC(C)CC(NC(=O)CN1C=CC2=CC=CC=C2C1=O)B(O)O
74,CCNC1=CC(=O)N(CC(=O)NC(CC(C)C)B(O)O)C=C1,CHEMBL3287943,CC(C)CC(NC(=O)CN1C=CC2=CC=C(Br)C=C2C1=O)B(O)O
75,CC(C)CC(NC(=O)C1=CC(Cl)=CC=C1Cl)B(O)O,CHEMBL1077647,CC(C)CN(C(=O)C1=CC(Cl)=CC=C1Cl)C1CCNC1
75,CC(C)CC(NC(=O)C1=CC(Cl)=CC=C1Cl)B(O)O,CHEMBL2420851,O=C(NC1=CC=NC=C1)C1=CC(Cl)=CC=C1Cl
76,CC(C)CC(NC1=CC=C(NC(=O)CN2C=CC(NC3=CC=CC=C3)=CC2=O)C=C1)B(O)O,CHEMBL3233458,COC1=CC=C(NC(=O)CN2C=CC(NC3=CC=CC=C3)=CC2=O)C=C1
77,CC(C)CC(NC(=O)C(CCCCN)NC(=O)C(CO)NC(=O)C(CO)NC(=O)OCC1=CC=CC=C1)C(=O)NC(CCCBr)B(O)O,CHEMBL582947,CC(C)CC(NC(=O)C(CC(C)C)NC(=O)C(CCCCN)NC(=O)C(CO)NC(=O)C(CO)NC(=O)OCC1=CC=CC=C1)B(O)O
78,CCCCC(NC(=O)C(CCC(N)=O)NC(=O)C(CN)NC(=O)CCCCCN)C(=O)NC(CCCBr)B(O)O,CHEMBL2381664,CCCCC(NC(=O)C(CCC(N)=O)NC(=O)C(CO)NC(=O)CCCCCN)C(=O)NC(CCCBr)B(O)O
79,CCCCC(NC(=O)C(CCC(N)=O)NC(=O)C(CO)NC(=O)C(C)NC(=O)C(C)NC(=O)CCCCCN)C(=O)NC(CCCBr)B(O)O,CHEMBL2381663,CCCCC(NC(=O)C(CCC(N)=O)NC(=O)C(CO)NC(=O)C(C)NC(=O)CCCCCN)C(=O)NC(CCCBr)B(O)O
80,CCCCC(NC(=O)C(CCC(N)=O)NC(=O)C(CO)NC(=O)C(C)NN)C(=O)NC(CCCBr)B(O)O,CHEMBL2381663,CCCCC(NC(=O)C(CCC(N)=O)NC(=O)C(CO)NC(=O)C(C)NC(=O)CCCCCN)C(=O)NC(CCCBr)B(O)O
80,CCCCC(NC(=O)C(CCC(N)=O)NC(=O)C(CO)NC(=O)C(C)NN)C(=O)NC(CCCBr)B(O)O,CHEMBL2381664,CCCCC(NC(=O)C(CCC(N)=O)NC(=O)C(CO)NC(=O)CCCCCN)C(=O)NC(CCCBr)B(O)O
81,CCCCC(NC(=O)C(CCC(N)=O)NC(=O)C(CO)NC(=O)C(C)NO)C(=O)NC(CCCBr)B(O)O,CHEMBL2381663,CCCCC(NC(=O)C(CCC(N)=O)NC(=O)C(CO)NC(=O)C(C)NC(=O)CCCCCN)C(=O)NC(CCCBr)B(O)O
81,CCCCC(NC(=O)C(CCC(N)=O)NC(=O)C(CO)NC(=O)C(C)NO)C(=O)NC(CCCBr)B(O)O,CHEMBL2381664,CCCCC(NC(=O)C(CCC(N)=O)NC(=O)C(CO)NC(=O)CCCCCN)C(=O)NC(CCCBr)B(O)O
82,CCCCC(NC(=O)C(CCC(N)=O)NC(=O)C(CO)NC(=O)C(CO)NC(=O)CCCCCN)C(=O)NC(CCCBr)B(O)O,CHEMBL2381665,CCCCC(NC(=O)C(CCC(N)=O)NC(=O)C(CO)NC(=O)C(CO)NC(=O)CCCCCN)C(=O)NC(CC(C)C)B(O)O
83,CCCCC(NC(=O)C(CCC(N)=O)NC(=O)C(CO)NC(=O)C(N)CC1=CC=CC=C1)C(=O)NC(CCCBr)B(O)O,CHEMBL2381663,CCCCC(NC(=O)C(CCC(N)=O)NC(=O)C(CO)NC(=O)C(C)NC(=O)CCCCCN)C(=O)NC(CCCBr)B(O)O
83,CCCCC(NC(=O)C(CCC(N)=O)NC(=O)C(CO)NC(=O)C(N)CC1=CC=CC=C1)C(=O)NC(CCCBr)B(O)O,CHEMBL2381664,CCCCC(NC(=O)C(CCC(N)=O)NC(=O)C(CO)NC(=O)CCCCCN)C(=O)NC(CCCBr)B(O)O
84,CCCCC(NC(=O)C(CCC(N)=O)NC(=O)C(CO)NC(=O)C(CC1=CC=CC=C1)NC(=O)C(C)NC(=O)CCCCCN)C(=O)NC(CCCBr)B(O)O,CHEMBL2381669,CCCCC(NC(=O)C(CCC(N)=O)NC(=O)C(CO)NC(=O)C(CC1=CC=CC=C1)NC(=O)CCCCCN)C(=O)NC(CCCBr)B(O)O
85,CCCCCC(=O)NC(CC1=CC=CC=C1)C(=O)NC(CO)C(=O)NC(CCC(N)=O)C(=O)NC(CCCC)C(=O)NC(CCCBr)B(O)O,CHEMBL2381669,CCCCC(NC(=O)C(CCC(N)=O)NC(=O)C(CO)NC(=O)C(CC1=CC=CC=C1)NC(=O)CCCCCN)C(=O)NC(CCCBr)B(O)O
86,CCCCC(NC(=O)C(CCC(N)=O)NC(=O)C(CO)NC(=O)C(CC1=CC=CC=C1)NC(=O)CCCCCNC(=O)CCCCCN)C(=O)NC(CCCBr)B(O)O,CHEMBL2381669,CCCCC(NC(=O)C(CCC(N)=O)NC(=O)C(CO)NC(=O)C(CC1=CC=CC=C1)NC(=O)CCCCCN)C(=O)NC(CCCBr)B(O)O
87,CCCCC(NC(=O)C(CCC(N)=O)NC(=O)C(CO)NC(=O)C(CC1=CC=CC=C1)NC(=O)CCCCCNN)C(=O)NC(CCCBr)B(O)O,CHEMBL2381669,CCCCC(NC(=O)C(CCC(N)=O)NC(=O)C(CO)NC(=O)C(CC1=CC=CC=C1)NC(=O)CCCCCN)C(=O)NC(CCCBr)B(O)O
88,CCCCC(NC(=O)C(CCC(N)=O)NC(=O)C(CO)NC(=O)C(CC1=CC=CC=C1)NC(=O)C1=CC=C(I)C=C1)C(=O)NC(CCCBr)B(O)O,CHEMBL2381669,CCCCC(NC(=O)C(CCC(N)=O)NC(=O)C(CO)NC(=O)C(CC1=CC=CC=C1)NC(=O)CCCCCN)C(=O)NC(CCCBr)B(O)O
89,CCCCC(NC(=O)C(CCC(N)=O)NC(=O)C(CO)NC(=O)C(CC1=CC=CC=C1)NN)C(=O)NC(CCCBr)B(O)O,CHEMBL2381663,CCCCC(NC(=O)C(CCC(N)=O)NC(=O)C(CO)NC(=O)C(C)NC(=O)CCCCCN)C(=O)NC(CCCBr)B(O)O
89,CCCCC(NC(=O)C(CCC(N)=O)NC(=O)C(CO)NC(=O)C(CC1=CC=CC=C1)NN)C(=O)NC(CCCBr)B(O)O,CHEMBL2381664,CCCCC(NC(=O)C(CCC(N)=O)NC(=O)C(CO)NC(=O)CCCCCN)C(=O)NC(CCCBr)B(O)O
90,CCCCC(NC(=O)C(CCC(N)=O)NC(=O)C(CO)NC(=O)CCCCCO)C(=O)NC(CCCBr)B(O)O,CHEMBL2381663,CCCCC(NC(=O)C(CCC(N)=O)NC(=O)C(CO)NC(=O)C(C)NC(=O)CCCCCN)C(=O)NC(CCCBr)B(O)O
90,CCCCC(NC(=O)C(CCC(N)=O)NC(=O)C(CO)NC(=O)CCCCCO)C(=O)NC(CCCBr)B(O)O,CHEMBL2381664,CCCCC(NC(=O)C(CCC(N)=O)NC(=O)C(CO)NC(=O)CCCCCN)C(=O)NC(CCCBr)B(O)O
91,CCCCC(NC(=O)C(CCCCN)NC(=O)C(CO)NC(=O)C(CO)NC(=O)C(=O)OCC1=CC=CC=C1)C(=O)NC(CCCBr)B(O)O,CHEMBL2381668,CCCCC(NC(=O)C(CCCCN)NC(=O)C(CO)NC(=O)C(CO)NC(=O)OCC1=CC=CC=C1)C(=O)NC(CCCBr)B(O)O
92,CCCCC(NC(=O)C(CCCCN)NC(=O)C(CO)NC(=O)C(CO)NC(=O)O)C(=O)NC(CCCBr)B(O)O,CHEMBL2381668,CCCCC(NC(=O)C(CCCCN)NC(=O)C(CO)NC(=O)C(CO)NC(=O)OCC1=CC=CC=C1)C(=O)NC(CCCBr)B(O)O
93,CCCCC(NC(=O)C(CCCCN)NC(=O)C(CO)NC(=O)C(COCC1=CC=CC=C1)NC(=O)OCC1=CC=CC=C1)C(=O)NC(CCCBr)B(O)O,CHEMBL2381668,CCCCC(NC(=O)C(CCCCN)NC(=O)C(CO)NC(=O)C(CO)NC(=O)OCC1=CC=CC=C1)C(=O)NC(CCCBr)B(O)O
94,CC1=CC(C(C)(C)CN(CC(=O)NCC(=O)NC(CCCC(=N)N)B(O)O)C(=O)CCC2=CC=CC=C2)=CC=C1,CHEMBL270652,CC1=CC=CC(C(C)(C)CN(CC(=O)NCC(=O)NC(CCCNC(=N)N)B(O)O)C(=O)CCC2=CC=CC=C2)=C1
95,CCCCC(NC(=O)C(C)C(=O)C(C)N)B(O)O,CHEMBL194249,CCCCC(NC(=O)C(N)CCCC)B(O)O
95,CCCCC(NC(=O)C(C)C(=O)C(C)N)B(O)O,CHEMBL194250,CCCCC(NC(=O)C(N)C(C)C)B(O)O
95,CCCCC(NC(=O)C(C)C(=O)C(C)N)B(O)O,CHEMBL194354,CCCCC(NC(=O)C(N)CCN)B(O)O
95,CCCCC(NC(=O)C(C)C(=O)C(C)N)B(O)O,CHEMBL194517,CCCCC(NC(=O)C(N)CCCCN)B(O)O
95,CCCCC(NC(=O)C(C)C(=O)C(C)N)B(O)O,CHEMBL194625,CCCCC(NC(=O)C1CCCN1)B(O)O
95,CCCCC(NC(=O)C(C)C(=O)C(C)N)B(O)O,CHEMBL195271,CCCCC(NC(=O)C(N)CC)B(O)O
95,CCCCC(NC(=O)C(C)C(=O)C(C)N)B(O)O,CHEMBL195481,CCCCC(NC(=O)C(C)N)B(O)O
95,CCCCC(NC(=O)C(C)C(=O)C(C)N)B(O)O,CHEMBL196180,CCCCC(NC(=O)C(N)CCC)B(O)O
95,CCCCC(NC(=O)C(C)C(=O)C(C)N)B(O)O,CHEMBL196461,CCCCC(NC(=O)C(N)CN)B(O)O
95,CCCCC(NC(=O)C(C)C(=O)C(C)N)B(O)O,CHEMBL373319,CCCCC(NC(=O)C(N)CCCN)B(O)O
96,CCCCC(NC(=O)C(C)N1C=CC2=C(C=CC=N2)C1=O)B(O)O,CHEMBL195481,CCCCC(NC(=O)C(C)N)B(O)O
96,CCCCC(NC(=O)C(C)N1C=CC2=C(C=CC=N2)C1=O)B(O)O,CHEMBL2385818,CC(C)CC(NC(=O)C(C)N1C=CC2=NC=CC=C2C1=O)B(O)O
97,CCCCC(NC(=O)C(N)CCC(N)=O)B(O)O,CHEMBL194249,CCCCC(NC(=O)C(N)CCCC)B(O)O
97,CCCCC(NC(=O)C(N)CCC(N)=O)B(O)O,CHEMBL194250,CCCCC(NC(=O)C(N)C(C)C)B(O)O
97,CCCCC(NC(=O)C(N)CCC(N)=O)B(O)O,CHEMBL194354,CCCCC(NC(=O)C(N)CCN)B(O)O
97,CCCCC(NC(=O)C(N)CCC(N)=O)B(O)O,CHEMBL194517,CCCCC(NC(=O)C(N)CCCCN)B(O)O
97,CCCCC(NC(=O)C(N)CCC(N)=O)B(O)O,CHEMBL194625,CCCCC(NC(=O)C1CCCN1)B(O)O
97,CCCCC(NC(=O)C(N)CCC(N)=O)B(O)O,CHEMBL195271,CCCCC(NC(=O)C(N)CC)B(O)O
97,CCCCC(NC(=O)C(N)CCC(N)=O)B(O)O,CHEMBL195481,CCCCC(NC(=O)C(C)N)B(O)O
97,CCCCC(NC(=O)C(N)CCC(N)=O)B(O)O,CHEMBL196180,CCCCC(NC(=O)C(N)CCC)B(O)O
97,CCCCC(NC(=O)C(N)CCC(N)=O)B(O)O,CHEMBL196461,CCCCC(NC(=O)C(N)CN)B(O)O
97,CCCCC(NC(=O)C(N)CCC(N)=O)B(O)O,CHEMBL373319,CCCCC(NC(=O)C(N)CCCN)B(O)O
97,CCCCC(NC(=O)C(N)CCC(N)=O)B(O)O,CHEMBL501506,CC(NC(=O)C(N)CCC(N)=O)B(O)O
98,CCCCC(NC(=O)C(N)CCC(=O)O)B(O)O,CHEMBL194249,CCCCC(NC(=O)C(N)CCCC)B(O)O
98,CCCCC(NC(=O)C(N)CCC(=O)O)B(O)O,CHEMBL194250,CCCCC(NC(=O)C(N)C(C)C)B(O)O
98,CCCCC(NC(=O)C(N)CCC(=O)O)B(O)O,CHEMBL194354,CCCCC(NC(=O)C(N)CCN)B(O)O
98,CCCCC(NC(=O)C(N)CCC(=O)O)B(O)O,CHEMBL194517,CCCCC(NC(=O)C(N)CCCCN)B(O)O
98,CCCCC(NC(=O)C(N)CCC(=O)O)B(O)O,CHEMBL194625,CCCCC(NC(=O)C1CCCN1)B(O)O
98,CCCCC(NC(=O)C(N)CCC(=O)O)B(O)O,CHEMBL195271,CCCCC(NC(=O)C(N)CC)B(O)O
98,CCCCC(NC(=O)C(N)CCC(=O)O)B(O)O,CHEMBL195481,CCCCC(NC(=O)C(C)N)B(O)O
98,CCCCC(NC(=O)C(N)CCC(=O)O)B(O)O,CHEMBL196180,CCCCC(NC(=O)C(N)CCC)B(O)O
98,CCCCC(NC(=O)C(N)CCC(=O)O)B(O)O,CHEMBL196461,CCCCC(NC(=O)C(N)CN)B(O)O
98,CCCCC(NC(=O)C(N)CCC(=O)O)B(O)O,CHEMBL2063029,NC(CCC(=O)O)C(=O)N1CC(O)CC1B(O)O
98,CCCCC(NC(=O)C(N)CCC(=O)O)B(O)O,CHEMBL373319,CCCCC(NC(=O)C(N)CCCN)B(O)O
98,CCCCC(NC(=O)C(N)CCC(=O)O)B(O)O,CHEMBL421361,NC(CCC(=O)O)C(=O)NCC(=O)O
98,CCCCC(NC(=O)C(N)CCC(=O)O)B(O)O,CHEMBL447366,CC(NC(=O)C(N)CCC(=O)O)B(O)O
98,CCCCC(NC(=O)C(N)CCC(=O)O)B(O)O,CHEMBL494497,NC(CCC(=O)O)C(=O)N1CCCC1B(O)O
98,CCCCC(NC(=O)C(N)CCC(=O)O)B(O)O,CHEMBL575060,NC(CCC(=O)O)C(=O)O
98,CCCCC(NC(=O)C(N)CCC(=O)O)B(O)O,CHEMBL90074,CC(NC(=O)C(N)CCC(=O)O)C(=O)O
99,CCCCC(NC(=O)C(N)CCCC(=O)O)B(O)O,CHEMBL2063039,NC(CCCC(=O)O)C(=O)N1CC(O)CC1B(O)O
100,CCCCC(NC(=O)C(N)CCCCCS)B(O)O,CHEMBL235911,NC(CCCCCS)C(=O)NC1CCCC1
